,Date,Latitude,Longitude,Altitude,Ru,Rc,Rl
0,2008-10-28 09:00:00,-90.0,-180.0,30.0,0.02,0.02,0.02
1,2008-10-28 09:00:00,-90.0,-180.0,2030.0,0.0,0.0,0.0
2,2008-10-28 09:00:00,-90.0,-180.0,4030.0,0.0,0.0,0.0
3,2008-10-28 09:00:00,-90.0,-180.0,6030.0,0.0,0.0,0.0
4,2008-10-28 09:00:00,-90.0,-180.0,8030.0,0.0,0.0,0.0
5,2008-10-28 09:00:00,-90.0,-180.0,10030.0,0.0,0.0,0.0
6,2008-10-28 09:00:00,-90.0,-150.0,30.0,0.02,0.02,0.02
7,2008-10-28 09:00:00,-90.0,-150.0,2030.0,0.0,0.0,0.0
8,2008-10-28 09:00:00,-90.0,-150.0,4030.0,0.0,0.0,0.0
9,2008-10-28 09:00:00,-90.0,-150.0,6030.0,0.0,0.0,0.0
10,2008-10-28 09:00:00,-90.0,-150.0,8030.0,0.0,0.0,0.0
11,2008-10-28 09:00:00,-90.0,-150.0,10030.0,0.0,0.0,0.0
12,2008-10-28 09:00:00,-90.0,-120.0,30.0,0.02,0.02,0.02
13,2008-10-28 09:00:00,-90.0,-120.0,2030.0,0.0,0.0,0.0
14,2008-10-28 09:00:00,-90.0,-120.0,4030.0,0.0,0.0,0.0
15,2008-10-28 09:00:00,-90.0,-120.0,6030.0,0.0,0.0,0.0
16,2008-10-28 09:00:00,-90.0,-120.0,8030.0,0.0,0.0,0.0
17,2008-10-28 09:00:00,-90.0,-120.0,10030.0,0.0,0.0,0.0
18,2008-10-28 09:00:00,-90.0,-90.0,30.0,0.02,0.02,0.02
19,2008-10-28 09:00:00,-90.0,-90.0,2030.0,0.0,0.0,0.0
20,2008-10-28 09:00:00,-90.0,-90.0,4030.0,0.0,0.0,0.0
21,2008-10-28 09:00:00,-90.0,-90.0,6030.0,0.0,0.0,0.0
22,2008-10-28 09:00:00,-90.0,-90.0,8030.0,0.0,0.0,0.0
23,2008-10-28 09:00:00,-90.0,-90.0,10030.0,0.0,0.0,0.0
24,2008-10-28 09:00:00,-90.0,-60.0,30.0,0.02,0.02,0.02
25,2008-10-28 09:00:00,-90.0,-60.0,2030.0,0.0,0.0,0.0
26,2008-10-28 09:00:00,-90.0,-60.0,4030.0,0.0,0.0,0.0
27,2008-10-28 09:00:00,-90.0,-60.0,6030.0,0.0,0.0,0.0
28,2008-10-28 09:00:00,-90.0,-60.0,8030.0,0.0,0.0,0.0
29,2008-10-28 09:00:00,-90.0,-60.0,10030.0,0.0,0.0,0.0
30,2008-10-28 09:00:00,-90.0,-30.0,30.0,0.02,0.02,0.02
31,2008-10-28 09:00:00,-90.0,-30.0,2030.0,0.0,0.0,0.0
32,2008-10-28 09:00:00,-90.0,-30.0,4030.0,0.0,0.0,0.0
33,2008-10-28 09:00:00,-90.0,-30.0,6030.0,0.0,0.0,0.0
34,2008-10-28 09:00:00,-90.0,-30.0,8030.0,0.0,0.0,0.0
35,2008-10-28 09:00:00,-90.0,-30.0,10030.0,0.0,0.0,0.0
36,2008-10-28 09:00:00,-90.0,0.0,30.0,0.02,0.02,0.02
37,2008-10-28 09:00:00,-90.0,0.0,2030.0,0.0,0.0,0.0
38,2008-10-28 09:00:00,-90.0,0.0,4030.0,0.0,0.0,0.0
39,2008-10-28 09:00:00,-90.0,0.0,6030.0,0.0,0.0,0.0
40,2008-10-28 09:00:00,-90.0,0.0,8030.0,0.0,0.0,0.0
41,2008-10-28 09:00:00,-90.0,0.0,10030.0,0.0,0.0,0.0
42,2008-10-28 09:00:00,-90.0,30.0,30.0,0.02,0.02,0.02
43,2008-10-28 09:00:00,-90.0,30.0,2030.0,0.0,0.0,0.0
44,2008-10-28 09:00:00,-90.0,30.0,4030.0,0.0,0.0,0.0
45,2008-10-28 09:00:00,-90.0,30.0,6030.0,0.0,0.0,0.0
46,2008-10-28 09:00:00,-90.0,30.0,8030.0,0.0,0.0,0.0
47,2008-10-28 09:00:00,-90.0,30.0,10030.0,0.0,0.0,0.0
48,2008-10-28 09:00:00,-90.0,60.0,30.0,0.02,0.02,0.02
49,2008-10-28 09:00:00,-90.0,60.0,2030.0,0.0,0.0,0.0
50,2008-10-28 09:00:00,-90.0,60.0,4030.0,0.0,0.0,0.0
51,2008-10-28 09:00:00,-90.0,60.0,6030.0,0.0,0.0,0.0
52,2008-10-28 09:00:00,-90.0,60.0,8030.0,0.0,0.0,0.0
53,2008-10-28 09:00:00,-90.0,60.0,10030.0,0.0,0.0,0.0
54,2008-10-28 09:00:00,-90.0,90.0,30.0,0.02,0.02,0.02
55,2008-10-28 09:00:00,-90.0,90.0,2030.0,0.0,0.0,0.0
56,2008-10-28 09:00:00,-90.0,90.0,4030.0,0.0,0.0,0.0
57,2008-10-28 09:00:00,-90.0,90.0,6030.0,0.0,0.0,0.0
58,2008-10-28 09:00:00,-90.0,90.0,8030.0,0.0,0.0,0.0
59,2008-10-28 09:00:00,-90.0,90.0,10030.0,0.0,0.0,0.0
60,2008-10-28 09:00:00,-90.0,120.0,30.0,0.02,0.02,0.02
61,2008-10-28 09:00:00,-90.0,120.0,2030.0,0.0,0.0,0.0
62,2008-10-28 09:00:00,-90.0,120.0,4030.0,0.0,0.0,0.0
63,2008-10-28 09:00:00,-90.0,120.0,6030.0,0.0,0.0,0.0
64,2008-10-28 09:00:00,-90.0,120.0,8030.0,0.0,0.0,0.0
65,2008-10-28 09:00:00,-90.0,120.0,10030.0,0.0,0.0,0.0
66,2008-10-28 09:00:00,-90.0,150.0,30.0,0.02,0.02,0.02
67,2008-10-28 09:00:00,-90.0,150.0,2030.0,0.0,0.0,0.0
68,2008-10-28 09:00:00,-90.0,150.0,4030.0,0.0,0.0,0.0
69,2008-10-28 09:00:00,-90.0,150.0,6030.0,0.0,0.0,0.0
70,2008-10-28 09:00:00,-90.0,150.0,8030.0,0.0,0.0,0.0
71,2008-10-28 09:00:00,-90.0,150.0,10030.0,0.0,0.0,0.0
72,2008-10-28 09:00:00,-90.0,180.0,30.0,0.02,0.02,0.02
73,2008-10-28 09:00:00,-90.0,180.0,2030.0,0.0,0.0,0.0
74,2008-10-28 09:00:00,-90.0,180.0,4030.0,0.0,0.0,0.0
75,2008-10-28 09:00:00,-90.0,180.0,6030.0,0.0,0.0,0.0
76,2008-10-28 09:00:00,-90.0,180.0,8030.0,0.0,0.0,0.0
77,2008-10-28 09:00:00,-90.0,180.0,10030.0,0.0,0.0,0.0
78,2008-10-28 09:00:00,-60.0,-180.0,30.0,0.33,0.33,0.33
79,2008-10-28 09:00:00,-60.0,-180.0,2030.0,0.08,0.08,0.08
80,2008-10-28 09:00:00,-60.0,-180.0,4030.0,0.04,0.04,0.04
81,2008-10-28 09:00:00,-60.0,-180.0,6030.0,0.03,0.03,0.03
82,2008-10-28 09:00:00,-60.0,-180.0,8030.0,0.0,0.0,0.0
83,2008-10-28 09:00:00,-60.0,-180.0,10030.0,0.0,0.0,0.0
84,2008-10-28 09:00:00,-60.0,-150.0,30.0,1.21,1.11,1.03
85,2008-10-28 09:00:00,-60.0,-150.0,2030.0,0.6299999999999999,0.5999999999999999,0.56
86,2008-10-28 09:00:00,-60.0,-150.0,4030.0,0.32,0.32,0.32
87,2008-10-28 09:00:00,-60.0,-150.0,6030.0,0.1399999999999999,0.1399999999999999,0.1399999999999999
88,2008-10-28 09:00:00,-60.0,-150.0,8030.0,0.05,0.05,0.05
89,2008-10-28 09:00:00,-60.0,-150.0,10030.0,0.04,0.04,0.04
90,2008-10-28 09:00:00,-60.0,-120.0,30.0,2.22,2.09,2.02
91,2008-10-28 09:00:00,-60.0,-120.0,2030.0,1.26,1.17,1.08
92,2008-10-28 09:00:00,-60.0,-120.0,4030.0,0.77,0.72,0.5999999999999999
93,2008-10-28 09:00:00,-60.0,-120.0,6030.0,0.51,0.5,0.49
94,2008-10-28 09:00:00,-60.0,-120.0,8030.0,0.32,0.32,0.32
95,2008-10-28 09:00:00,-60.0,-120.0,10030.0,0.1799999999999999,0.1799999999999999,0.1799999999999999
96,2008-10-28 09:00:00,-60.0,-90.0,30.0,3.49,3.3000000000000003,3.09
97,2008-10-28 09:00:00,-60.0,-90.0,2030.0,1.67,1.61,1.53
98,2008-10-28 09:00:00,-60.0,-90.0,4030.0,1.1,0.99,0.94
99,2008-10-28 09:00:00,-60.0,-90.0,6030.0,0.74,0.66,0.5999999999999999
100,2008-10-28 09:00:00,-60.0,-90.0,8030.0,0.54,0.52,0.47
101,2008-10-28 09:00:00,-60.0,-90.0,10030.0,0.3599999999999999,0.3599999999999999,0.3599999999999999
102,2008-10-28 09:00:00,-60.0,-60.0,30.0,3.34,3.24,2.88
103,2008-10-28 09:00:00,-60.0,-60.0,2030.0,1.66,1.59,1.53
104,2008-10-28 09:00:00,-60.0,-60.0,4030.0,1.12,0.99,0.91
105,2008-10-28 09:00:00,-60.0,-60.0,6030.0,0.78,0.66,0.6099999999999999
106,2008-10-28 09:00:00,-60.0,-60.0,8030.0,0.5800000000000001,0.5700000000000001,0.48
107,2008-10-28 09:00:00,-60.0,-60.0,10030.0,0.4399999999999999,0.4399999999999999,0.4399999999999999
108,2008-10-28 09:00:00,-60.0,-30.0,30.0,2.42,2.22,2.0700000000000003
109,2008-10-28 09:00:00,-60.0,-30.0,2030.0,1.35,1.2199999999999998,1.15
110,2008-10-28 09:00:00,-60.0,-30.0,4030.0,0.8599999999999999,0.7499999999999999,0.7
111,2008-10-28 09:00:00,-60.0,-30.0,6030.0,0.69,0.58,0.4499999999999999
112,2008-10-28 09:00:00,-60.0,-30.0,8030.0,0.52,0.5,0.4199999999999999
113,2008-10-28 09:00:00,-60.0,-30.0,10030.0,0.4099999999999999,0.4099999999999999,0.4099999999999999
114,2008-10-28 09:00:00,-60.0,0.0,30.0,1.52,1.44,1.33
115,2008-10-28 09:00:00,-60.0,0.0,2030.0,0.8499999999999999,0.7899999999999998,0.75
116,2008-10-28 09:00:00,-60.0,0.0,4030.0,0.7,0.57,0.4199999999999999
117,2008-10-28 09:00:00,-60.0,0.0,6030.0,0.52,0.47,0.33
118,2008-10-28 09:00:00,-60.0,0.0,8030.0,0.4299999999999999,0.4199999999999999,0.3599999999999999
119,2008-10-28 09:00:00,-60.0,0.0,10030.0,0.32,0.32,0.32
120,2008-10-28 09:00:00,-60.0,30.0,30.0,1.06,0.9,0.8799999999999999
121,2008-10-28 09:00:00,-60.0,30.0,2030.0,0.6699999999999999,0.5299999999999999,0.4099999999999999
122,2008-10-28 09:00:00,-60.0,30.0,4030.0,0.51,0.45,0.31
123,2008-10-28 09:00:00,-60.0,30.0,6030.0,0.3999999999999999,0.3499999999999999,0.32
124,2008-10-28 09:00:00,-60.0,30.0,8030.0,0.3400000000000001,0.2800000000000001,0.27
125,2008-10-28 09:00:00,-60.0,30.0,10030.0,0.25,0.24,0.2299999999999999
126,2008-10-28 09:00:00,-60.0,60.0,30.0,0.6199999999999999,0.4899999999999999,0.3599999999999999
127,2008-10-28 09:00:00,-60.0,60.0,2030.0,0.4199999999999999,0.3699999999999999,0.26
128,2008-10-28 09:00:00,-60.0,60.0,4030.0,0.33,0.33,0.33
129,2008-10-28 09:00:00,-60.0,60.0,6030.0,0.27,0.25,0.1799999999999999
130,2008-10-28 09:00:00,-60.0,60.0,8030.0,0.1899999999999999,0.1599999999999999,0.1399999999999999
131,2008-10-28 09:00:00,-60.0,60.0,10030.0,0.09,0.09,0.09
132,2008-10-28 09:00:00,-60.0,90.0,30.0,0.3,0.26,0.1799999999999999
133,2008-10-28 09:00:00,-60.0,90.0,2030.0,0.1999999999999999,0.1899999999999999,0.1699999999999999
134,2008-10-28 09:00:00,-60.0,90.0,4030.0,0.1499999999999999,0.0899999999999999,0.07
135,2008-10-28 09:00:00,-60.0,90.0,6030.0,0.0,0.0,0.0
136,2008-10-28 09:00:00,-60.0,90.0,8030.0,0.0,0.0,0.0
137,2008-10-28 09:00:00,-60.0,90.0,10030.0,0.0,0.0,0.0
138,2008-10-28 09:00:00,-60.0,120.0,30.0,0.1699999999999999,0.1299999999999999,0.1099999999999998
139,2008-10-28 09:00:00,-60.0,120.0,2030.0,0.1299999999999999,0.1099999999999998,0.0999999999999998
140,2008-10-28 09:00:00,-60.0,120.0,4030.0,0.1099999999999998,0.1099999999999998,0.1099999999999998
141,2008-10-28 09:00:00,-60.0,120.0,6030.0,0.08,0.08,0.08
142,2008-10-28 09:00:00,-60.0,120.0,8030.0,0.06,0.06,0.06
143,2008-10-28 09:00:00,-60.0,120.0,10030.0,0.04,0.04,0.04
144,2008-10-28 09:00:00,-60.0,150.0,30.0,0.07,0.07,0.07
145,2008-10-28 09:00:00,-60.0,150.0,2030.0,0.07,0.07,0.07
146,2008-10-28 09:00:00,-60.0,150.0,4030.0,0.06,0.06,0.06
147,2008-10-28 09:00:00,-60.0,150.0,6030.0,0.04,0.04,0.04
148,2008-10-28 09:00:00,-60.0,150.0,8030.0,0.03,0.03,0.03
149,2008-10-28 09:00:00,-60.0,150.0,10030.0,0.0,0.0,0.0
150,2008-10-28 09:00:00,-60.0,180.0,30.0,0.33,0.33,0.33
151,2008-10-28 09:00:00,-60.0,180.0,2030.0,0.08,0.08,0.08
152,2008-10-28 09:00:00,-60.0,180.0,4030.0,0.04,0.04,0.04
153,2008-10-28 09:00:00,-60.0,180.0,6030.0,0.03,0.03,0.03
154,2008-10-28 09:00:00,-60.0,180.0,8030.0,0.0,0.0,0.0
155,2008-10-28 09:00:00,-60.0,180.0,10030.0,0.0,0.0,0.0
156,2008-10-28 09:00:00,-30.0,-180.0,30.0,7.62,7.62,7.62
157,2008-10-28 09:00:00,-30.0,-180.0,2030.0,4.1899999999999995,4.17,3.78
158,2008-10-28 09:00:00,-30.0,-180.0,4030.0,2.71,2.66,2.3200000000000003
159,2008-10-28 09:00:00,-30.0,-180.0,6030.0,1.88,1.81,1.79
160,2008-10-28 09:00:00,-30.0,-180.0,8030.0,1.39,1.2999999999999998,1.19
161,2008-10-28 09:00:00,-30.0,-180.0,10030.0,1.01,0.98,0.92
162,2008-10-28 09:00:00,-30.0,-150.0,30.0,10.32,8.69,7.72
163,2008-10-28 09:00:00,-30.0,-150.0,2030.0,4.74,4.5600000000000005,4.5
164,2008-10-28 09:00:00,-30.0,-150.0,4030.0,3.74,3.01,2.9299999999999997
165,2008-10-28 09:00:00,-30.0,-150.0,6030.0,2.4,2.1399999999999997,2.0700000000000003
166,2008-10-28 09:00:00,-30.0,-150.0,8030.0,1.75,1.6,1.56
167,2008-10-28 09:00:00,-30.0,-150.0,10030.0,1.5,1.22,1.13
168,2008-10-28 09:00:00,-30.0,-120.0,30.0,11.32,11.3,11.26
169,2008-10-28 09:00:00,-30.0,-120.0,2030.0,6.65,6.2700000000000005,5.5600000000000005
170,2008-10-28 09:00:00,-30.0,-120.0,4030.0,4.34,4.01,3.69
171,2008-10-28 09:00:00,-30.0,-120.0,6030.0,3.04,2.78,2.5700000000000003
172,2008-10-28 09:00:00,-30.0,-120.0,8030.0,2.19,1.98,1.88
173,2008-10-28 09:00:00,-30.0,-120.0,10030.0,1.67,1.5599999999999998,1.45
174,2008-10-28 09:00:00,-30.0,-90.0,30.0,11.07,11.05,11.02
175,2008-10-28 09:00:00,-30.0,-90.0,2030.0,6.64,6.47,6.17
176,2008-10-28 09:00:00,-30.0,-90.0,4030.0,4.33,4.17,3.95
177,2008-10-28 09:00:00,-30.0,-90.0,6030.0,3.1,2.94,2.74
178,2008-10-28 09:00:00,-30.0,-90.0,8030.0,2.3,2.1399999999999997,2.04
179,2008-10-28 09:00:00,-30.0,-90.0,10030.0,1.77,1.67,1.62
180,2008-10-28 09:00:00,-30.0,-60.0,30.0,9.87,9.44,8.94
181,2008-10-28 09:00:00,-30.0,-60.0,2030.0,6.15,5.7,5.51
182,2008-10-28 09:00:00,-30.0,-60.0,4030.0,4.1,3.8199999999999994,3.61
183,2008-10-28 09:00:00,-30.0,-60.0,6030.0,2.92,2.66,2.55
184,2008-10-28 09:00:00,-30.0,-60.0,8030.0,2.23,2.01,1.9
185,2008-10-28 09:00:00,-30.0,-60.0,10030.0,1.7,1.58,1.53
186,2008-10-28 09:00:00,-30.0,-30.0,30.0,7.87,6.65,6.0
187,2008-10-28 09:00:00,-30.0,-30.0,2030.0,5.26,4.3999999999999995,4.05
188,2008-10-28 09:00:00,-30.0,-30.0,4030.0,3.27,3.11,2.94
189,2008-10-28 09:00:00,-30.0,-30.0,6030.0,2.34,2.29,2.22
190,2008-10-28 09:00:00,-30.0,-30.0,8030.0,1.76,1.76,1.76
191,2008-10-28 09:00:00,-30.0,-30.0,10030.0,1.42,1.37,1.34
192,2008-10-28 09:00:00,-30.0,0.0,30.0,6.15,5.430000000000001,4.88
193,2008-10-28 09:00:00,-30.0,0.0,2030.0,4.57,3.770000000000001,3.47
194,2008-10-28 09:00:00,-30.0,0.0,4030.0,2.81,2.59,2.49
195,2008-10-28 09:00:00,-30.0,0.0,6030.0,1.96,1.91,1.88
196,2008-10-28 09:00:00,-30.0,0.0,8030.0,1.8,1.49,1.42
197,2008-10-28 09:00:00,-30.0,0.0,10030.0,1.35,1.15,1.12
198,2008-10-28 09:00:00,-30.0,30.0,30.0,6.16,5.82,5.0600000000000005
199,2008-10-28 09:00:00,-30.0,30.0,2030.0,4.24,3.8,3.3499999999999996
200,2008-10-28 09:00:00,-30.0,30.0,4030.0,2.8,2.4299999999999997,2.31
201,2008-10-28 09:00:00,-30.0,30.0,6030.0,2.16,1.79,1.7
202,2008-10-28 09:00:00,-30.0,30.0,8030.0,1.59,1.3299999999999998,1.28
203,2008-10-28 09:00:00,-30.0,30.0,10030.0,1.08,1.01,0.98
204,2008-10-28 09:00:00,-30.0,60.0,30.0,5.859999999999999,5.619999999999999,5.02
205,2008-10-28 09:00:00,-30.0,60.0,2030.0,3.61,3.36,3.15
206,2008-10-28 09:00:00,-30.0,60.0,4030.0,2.4,2.17,2.05
207,2008-10-28 09:00:00,-30.0,60.0,6030.0,1.69,1.56,1.5
208,2008-10-28 09:00:00,-30.0,60.0,8030.0,1.16,1.12,1.1
209,2008-10-28 09:00:00,-30.0,60.0,10030.0,0.97,0.88,0.8200000000000001
210,2008-10-28 09:00:00,-30.0,90.0,30.0,5.47,5.21,4.74
211,2008-10-28 09:00:00,-30.0,90.0,2030.0,3.23,3.0,2.8200000000000003
212,2008-10-28 09:00:00,-30.0,90.0,4030.0,2.06,1.96,1.85
213,2008-10-28 09:00:00,-30.0,90.0,6030.0,1.45,1.35,1.26
214,2008-10-28 09:00:00,-30.0,90.0,8030.0,1.04,1.0,0.92
215,2008-10-28 09:00:00,-30.0,90.0,10030.0,0.81,0.75,0.6599999999999999
216,2008-10-28 09:00:00,-30.0,120.0,30.0,5.61,5.180000000000001,4.64
217,2008-10-28 09:00:00,-30.0,120.0,2030.0,3.16,2.93,2.66
218,2008-10-28 09:00:00,-30.0,120.0,4030.0,1.95,1.85,1.75
219,2008-10-28 09:00:00,-30.0,120.0,6030.0,1.38,1.2699999999999998,1.19
220,2008-10-28 09:00:00,-30.0,120.0,8030.0,0.98,0.94,0.8400000000000001
221,2008-10-28 09:00:00,-30.0,120.0,10030.0,0.74,0.73,0.6699999999999999
222,2008-10-28 09:00:00,-30.0,150.0,30.0,6.01,5.859999999999999,5.51
223,2008-10-28 09:00:00,-30.0,150.0,2030.0,3.37,3.19,3.01
224,2008-10-28 09:00:00,-30.0,150.0,4030.0,2.14,2.0700000000000003,1.98
225,2008-10-28 09:00:00,-30.0,150.0,6030.0,1.46,1.42,1.28
226,2008-10-28 09:00:00,-30.0,150.0,8030.0,1.04,1.01,0.94
227,2008-10-28 09:00:00,-30.0,150.0,10030.0,0.75,0.75,0.75
228,2008-10-28 09:00:00,-30.0,180.0,30.0,7.62,7.62,7.62
229,2008-10-28 09:00:00,-30.0,180.0,2030.0,4.1899999999999995,4.17,3.78
230,2008-10-28 09:00:00,-30.0,180.0,4030.0,2.71,2.66,2.3200000000000003
231,2008-10-28 09:00:00,-30.0,180.0,6030.0,1.88,1.81,1.79
232,2008-10-28 09:00:00,-30.0,180.0,8030.0,1.39,1.2999999999999998,1.19
233,2008-10-28 09:00:00,-30.0,180.0,10030.0,1.01,0.98,0.92
234,2008-10-28 09:00:00,0.0,-180.0,30.0,15.08,15.08,15.08
235,2008-10-28 09:00:00,0.0,-180.0,2030.0,8.58,8.53,8.06
236,2008-10-28 09:00:00,0.0,-180.0,4030.0,5.53,5.37,5.01
237,2008-10-28 09:00:00,0.0,-180.0,6030.0,3.77,3.75,3.74
238,2008-10-28 09:00:00,0.0,-180.0,8030.0,2.77,2.77,2.77
239,2008-10-28 09:00:00,0.0,-180.0,10030.0,2.12,2.1,2.09
240,2008-10-28 09:00:00,0.0,-150.0,30.0,14.39,14.39,14.39
241,2008-10-28 09:00:00,0.0,-150.0,2030.0,8.29,8.139999999999999,7.81
242,2008-10-28 09:00:00,0.0,-150.0,4030.0,5.359999999999999,5.249999999999999,5.14
243,2008-10-28 09:00:00,0.0,-150.0,6030.0,3.72,3.64,3.55
244,2008-10-28 09:00:00,0.0,-150.0,8030.0,2.74,2.7300000000000004,2.5999999999999996
245,2008-10-28 09:00:00,0.0,-150.0,10030.0,2.08,2.0700000000000003,2.04
246,2008-10-28 09:00:00,0.0,-120.0,30.0,13.55,13.55,13.55
247,2008-10-28 09:00:00,0.0,-120.0,2030.0,7.84,7.48,7.14
248,2008-10-28 09:00:00,0.0,-120.0,4030.0,5.08,4.91,4.64
249,2008-10-28 09:00:00,0.0,-120.0,6030.0,3.5,3.44,3.28
250,2008-10-28 09:00:00,0.0,-120.0,8030.0,2.5999999999999996,2.57,2.55
251,2008-10-28 09:00:00,0.0,-120.0,10030.0,2.0,1.95,1.93
252,2008-10-28 09:00:00,0.0,-90.0,30.0,12.54,12.54,12.54
253,2008-10-28 09:00:00,0.0,-90.0,2030.0,7.35,7.029999999999999,6.58
254,2008-10-28 09:00:00,0.0,-90.0,4030.0,4.8100000000000005,4.540000000000001,4.09
255,2008-10-28 09:00:00,0.0,-90.0,6030.0,3.3899999999999997,3.22,3.16
256,2008-10-28 09:00:00,0.0,-90.0,8030.0,2.49,2.41,2.3200000000000003
257,2008-10-28 09:00:00,0.0,-90.0,10030.0,1.94,1.84,1.81
258,2008-10-28 09:00:00,0.0,-60.0,30.0,12.71,12.71,12.71
259,2008-10-28 09:00:00,0.0,-60.0,2030.0,7.33,7.3,6.73
260,2008-10-28 09:00:00,0.0,-60.0,4030.0,4.79,4.75,4.55
261,2008-10-28 09:00:00,0.0,-60.0,6030.0,3.3899999999999997,3.3499999999999996,3.25
262,2008-10-28 09:00:00,0.0,-60.0,8030.0,2.51,2.5,2.47
263,2008-10-28 09:00:00,0.0,-60.0,10030.0,1.91,1.88,1.87
264,2008-10-28 09:00:00,0.0,-30.0,30.0,13.02,13.02,13.02
265,2008-10-28 09:00:00,0.0,-30.0,2030.0,7.53,7.49,7.16
266,2008-10-28 09:00:00,0.0,-30.0,4030.0,4.91,4.890000000000001,4.83
267,2008-10-28 09:00:00,0.0,-30.0,6030.0,3.46,3.44,3.38
268,2008-10-28 09:00:00,0.0,-30.0,8030.0,2.58,2.58,2.58
269,2008-10-28 09:00:00,0.0,-30.0,10030.0,1.99,1.99,1.99
270,2008-10-28 09:00:00,0.0,0.0,30.0,13.49,13.49,13.49
271,2008-10-28 09:00:00,0.0,0.0,2030.0,7.76,7.74,7.6
272,2008-10-28 09:00:00,0.0,0.0,4030.0,5.05,5.03,4.89
273,2008-10-28 09:00:00,0.0,0.0,6030.0,3.5700000000000003,3.5500000000000003,3.52
274,2008-10-28 09:00:00,0.0,0.0,8030.0,2.65,2.61,2.56
275,2008-10-28 09:00:00,0.0,0.0,10030.0,2.03,2.03,2.03
276,2008-10-28 09:00:00,0.0,30.0,30.0,14.6,14.6,14.6
277,2008-10-28 09:00:00,0.0,30.0,2030.0,8.22,8.110000000000001,7.69
278,2008-10-28 09:00:00,0.0,30.0,4030.0,5.32,5.21,5.08
279,2008-10-28 09:00:00,0.0,30.0,6030.0,3.72,3.67,3.5700000000000003
280,2008-10-28 09:00:00,0.0,30.0,8030.0,2.73,2.69,2.59
281,2008-10-28 09:00:00,0.0,30.0,10030.0,2.0999999999999996,2.0799999999999996,2.04
282,2008-10-28 09:00:00,0.0,60.0,30.0,16.1,16.1,16.1
283,2008-10-28 09:00:00,0.0,60.0,2030.0,8.87,8.809999999999999,8.16
284,2008-10-28 09:00:00,0.0,60.0,4030.0,5.62,5.5600000000000005,5.07
285,2008-10-28 09:00:00,0.0,60.0,6030.0,3.88,3.84,3.68
286,2008-10-28 09:00:00,0.0,60.0,8030.0,2.84,2.83,2.77
287,2008-10-28 09:00:00,0.0,60.0,10030.0,2.16,2.16,2.16
288,2008-10-28 09:00:00,0.0,90.0,30.0,16.99,16.99,16.99
289,2008-10-28 09:00:00,0.0,90.0,2030.0,9.25,9.17,8.56
290,2008-10-28 09:00:00,0.0,90.0,4030.0,5.8,5.71,5.12
291,2008-10-28 09:00:00,0.0,90.0,6030.0,3.97,3.9,3.64
292,2008-10-28 09:00:00,0.0,90.0,8030.0,2.88,2.83,2.72
293,2008-10-28 09:00:00,0.0,90.0,10030.0,2.16,2.1300000000000003,2.11
294,2008-10-28 09:00:00,0.0,120.0,30.0,16.59,16.59,16.59
295,2008-10-28 09:00:00,0.0,120.0,2030.0,9.16,9.06,8.59
296,2008-10-28 09:00:00,0.0,120.0,4030.0,5.77,5.63,4.71
297,2008-10-28 09:00:00,0.0,120.0,6030.0,3.94,3.84,3.55
298,2008-10-28 09:00:00,0.0,120.0,8030.0,2.8499999999999996,2.82,2.69
299,2008-10-28 09:00:00,0.0,120.0,10030.0,2.16,2.14,2.06
300,2008-10-28 09:00:00,0.0,150.0,30.0,15.72,15.72,15.72
301,2008-10-28 09:00:00,0.0,150.0,2030.0,8.86,8.79,8.22
302,2008-10-28 09:00:00,0.0,150.0,4030.0,5.59,5.55,5.01
303,2008-10-28 09:00:00,0.0,150.0,6030.0,3.87,3.84,3.5999999999999996
304,2008-10-28 09:00:00,0.0,150.0,8030.0,2.8,2.79,2.74
305,2008-10-28 09:00:00,0.0,150.0,10030.0,2.12,2.12,2.12
306,2008-10-28 09:00:00,0.0,180.0,30.0,15.08,15.08,15.08
307,2008-10-28 09:00:00,0.0,180.0,2030.0,8.58,8.53,8.06
308,2008-10-28 09:00:00,0.0,180.0,4030.0,5.53,5.37,5.01
309,2008-10-28 09:00:00,0.0,180.0,6030.0,3.77,3.75,3.74
310,2008-10-28 09:00:00,0.0,180.0,8030.0,2.77,2.77,2.77
311,2008-10-28 09:00:00,0.0,180.0,10030.0,2.12,2.1,2.09
312,2008-10-28 09:00:00,30.0,-180.0,30.0,11.7,11.7,11.7
313,2008-10-28 09:00:00,30.0,-180.0,2030.0,6.86,6.130000000000001,5.22
314,2008-10-28 09:00:00,30.0,-180.0,4030.0,4.43,3.79,3.42
315,2008-10-28 09:00:00,30.0,-180.0,6030.0,3.07,2.6399999999999997,2.45
316,2008-10-28 09:00:00,30.0,-180.0,8030.0,2.23,1.96,1.84
317,2008-10-28 09:00:00,30.0,-180.0,10030.0,1.69,1.49,1.4
318,2008-10-28 09:00:00,30.0,-150.0,30.0,9.99,9.95,9.9
319,2008-10-28 09:00:00,30.0,-150.0,2030.0,5.76,5.08,4.54
320,2008-10-28 09:00:00,30.0,-150.0,4030.0,3.5700000000000003,3.1900000000000004,3.01
321,2008-10-28 09:00:00,30.0,-150.0,6030.0,2.4,2.11,1.98
322,2008-10-28 09:00:00,30.0,-150.0,8030.0,1.74,1.58,1.44
323,2008-10-28 09:00:00,30.0,-150.0,10030.0,1.36,1.2399999999999998,1.08
324,2008-10-28 09:00:00,30.0,-120.0,30.0,6.72,6.56,6.51
325,2008-10-28 09:00:00,30.0,-120.0,2030.0,3.76,3.61,3.5999999999999996
326,2008-10-28 09:00:00,30.0,-120.0,4030.0,2.3899999999999997,2.26,2.13
327,2008-10-28 09:00:00,30.0,-120.0,6030.0,1.63,1.5399999999999998,1.52
328,2008-10-28 09:00:00,30.0,-120.0,8030.0,1.18,1.14,1.06
329,2008-10-28 09:00:00,30.0,-120.0,10030.0,0.8699999999999999,0.8099999999999998,0.79
330,2008-10-28 09:00:00,30.0,-90.0,30.0,4.9399999999999995,4.239999999999999,4.02
331,2008-10-28 09:00:00,30.0,-90.0,2030.0,2.8899999999999997,2.59,2.4299999999999997
332,2008-10-28 09:00:00,30.0,-90.0,4030.0,1.83,1.73,1.65
333,2008-10-28 09:00:00,30.0,-90.0,6030.0,1.31,1.19,1.11
334,2008-10-28 09:00:00,30.0,-90.0,8030.0,0.98,0.88,0.8
335,2008-10-28 09:00:00,30.0,-90.0,10030.0,0.76,0.69,0.6099999999999999
336,2008-10-28 09:00:00,30.0,-60.0,30.0,6.46,6.06,5.53
337,2008-10-28 09:00:00,30.0,-60.0,2030.0,3.34,3.1399999999999997,2.95
338,2008-10-28 09:00:00,30.0,-60.0,4030.0,1.98,1.92,1.9
339,2008-10-28 09:00:00,30.0,-60.0,6030.0,1.38,1.2799999999999998,1.24
340,2008-10-28 09:00:00,30.0,-60.0,8030.0,1.0,0.9,0.8699999999999999
341,2008-10-28 09:00:00,30.0,-60.0,10030.0,0.8699999999999999,0.7499999999999999,0.6699999999999999
342,2008-10-28 09:00:00,30.0,-30.0,30.0,10.96,10.55,9.49
343,2008-10-28 09:00:00,30.0,-30.0,2030.0,5.69,5.04,4.51
344,2008-10-28 09:00:00,30.0,-30.0,4030.0,3.21,2.73,2.62
345,2008-10-28 09:00:00,30.0,-30.0,6030.0,2.24,1.8000000000000005,1.71
346,2008-10-28 09:00:00,30.0,-30.0,8030.0,1.42,1.2999999999999998,1.23
347,2008-10-28 09:00:00,30.0,-30.0,10030.0,1.0499999999999998,0.9499999999999998,0.8899999999999999
348,2008-10-28 09:00:00,30.0,0.0,30.0,12.06,11.56,10.79
349,2008-10-28 09:00:00,30.0,0.0,2030.0,6.5,5.65,5.05
350,2008-10-28 09:00:00,30.0,0.0,4030.0,3.99,3.37,3.26
351,2008-10-28 09:00:00,30.0,0.0,6030.0,2.25,2.19,2.15
352,2008-10-28 09:00:00,30.0,0.0,8030.0,1.92,1.59,1.56
353,2008-10-28 09:00:00,30.0,0.0,10030.0,1.24,1.22,1.17
354,2008-10-28 09:00:00,30.0,30.0,30.0,12.36,11.67,10.49
355,2008-10-28 09:00:00,30.0,30.0,2030.0,6.89,6.09,5.42
356,2008-10-28 09:00:00,30.0,30.0,4030.0,4.38,3.69,3.49
357,2008-10-28 09:00:00,30.0,30.0,6030.0,2.91,2.49,2.36
358,2008-10-28 09:00:00,30.0,30.0,8030.0,1.88,1.7899999999999998,1.73
359,2008-10-28 09:00:00,30.0,30.0,10030.0,1.42,1.37,1.31
360,2008-10-28 09:00:00,30.0,60.0,30.0,13.01,12.53,11.24
361,2008-10-28 09:00:00,30.0,60.0,2030.0,7.33,6.67,5.92
362,2008-10-28 09:00:00,30.0,60.0,4030.0,4.59,4.14,3.72
363,2008-10-28 09:00:00,30.0,60.0,6030.0,3.17,2.84,2.61
364,2008-10-28 09:00:00,30.0,60.0,8030.0,2.33,2.04,1.96
365,2008-10-28 09:00:00,30.0,60.0,10030.0,1.58,1.5,1.47
366,2008-10-28 09:00:00,30.0,90.0,30.0,13.74,13.74,13.74
367,2008-10-28 09:00:00,30.0,90.0,2030.0,7.73,6.94,6.17
368,2008-10-28 09:00:00,30.0,90.0,4030.0,4.94,4.33,3.97
369,2008-10-28 09:00:00,30.0,90.0,6030.0,3.42,3.02,2.8200000000000003
370,2008-10-28 09:00:00,30.0,90.0,8030.0,2.45,2.17,2.04
371,2008-10-28 09:00:00,30.0,90.0,10030.0,1.91,1.71,1.57
372,2008-10-28 09:00:00,30.0,120.0,30.0,13.84,13.84,13.84
373,2008-10-28 09:00:00,30.0,120.0,2030.0,7.85,7.27,6.3100000000000005
374,2008-10-28 09:00:00,30.0,120.0,4030.0,5.02,4.52,3.9
375,2008-10-28 09:00:00,30.0,120.0,6030.0,3.47,3.1599999999999997,2.8499999999999996
376,2008-10-28 09:00:00,30.0,120.0,8030.0,2.48,2.31,2.22
377,2008-10-28 09:00:00,30.0,120.0,10030.0,1.92,1.76,1.67
378,2008-10-28 09:00:00,30.0,150.0,30.0,13.12,13.12,13.12
379,2008-10-28 09:00:00,30.0,150.0,2030.0,7.54,6.99,6.55
380,2008-10-28 09:00:00,30.0,150.0,4030.0,4.86,4.32,4.0
381,2008-10-28 09:00:00,30.0,150.0,6030.0,3.36,2.98,2.78
382,2008-10-28 09:00:00,30.0,150.0,8030.0,2.45,2.21,2.0700000000000003
383,2008-10-28 09:00:00,30.0,150.0,10030.0,1.86,1.68,1.56
384,2008-10-28 09:00:00,30.0,180.0,30.0,11.7,11.7,11.7
385,2008-10-28 09:00:00,30.0,180.0,2030.0,6.86,6.130000000000001,5.22
386,2008-10-28 09:00:00,30.0,180.0,4030.0,4.43,3.79,3.42
387,2008-10-28 09:00:00,30.0,180.0,6030.0,3.07,2.6399999999999997,2.45
388,2008-10-28 09:00:00,30.0,180.0,8030.0,2.23,1.96,1.84
389,2008-10-28 09:00:00,30.0,180.0,10030.0,1.69,1.49,1.4
390,2008-10-28 09:00:00,60.0,-180.0,30.0,1.67,1.5799999999999998,1.46
391,2008-10-28 09:00:00,60.0,-180.0,2030.0,0.8499999999999999,0.8199999999999998,0.81
392,2008-10-28 09:00:00,60.0,-180.0,4030.0,0.47,0.47,0.47
393,2008-10-28 09:00:00,60.0,-180.0,6030.0,0.26,0.26,0.26
394,2008-10-28 09:00:00,60.0,-180.0,8030.0,0.1499999999999999,0.1399999999999999,0.1199999999999998
395,2008-10-28 09:00:00,60.0,-180.0,10030.0,0.09,0.09,0.09
396,2008-10-28 09:00:00,60.0,-150.0,30.0,0.93,0.91,0.81
397,2008-10-28 09:00:00,60.0,-150.0,2030.0,0.4099999999999999,0.4099999999999999,0.4099999999999999
398,2008-10-28 09:00:00,60.0,-150.0,4030.0,0.1599999999999999,0.1599999999999999,0.1599999999999999
399,2008-10-28 09:00:00,60.0,-150.0,6030.0,0.05,0.05,0.05
400,2008-10-28 09:00:00,60.0,-150.0,8030.0,0.05,0.05,0.05
401,2008-10-28 09:00:00,60.0,-150.0,10030.0,0.04,0.04,0.04
402,2008-10-28 09:00:00,60.0,-120.0,30.0,0.28,0.28,0.28
403,2008-10-28 09:00:00,60.0,-120.0,2030.0,0.05,0.05,0.05
404,2008-10-28 09:00:00,60.0,-120.0,4030.0,0.02,0.02,0.02
405,2008-10-28 09:00:00,60.0,-120.0,6030.0,0.0,0.0,0.0
406,2008-10-28 09:00:00,60.0,-120.0,8030.0,0.0,0.0,0.0
407,2008-10-28 09:00:00,60.0,-120.0,10030.0,0.0,0.0,0.0
408,2008-10-28 09:00:00,60.0,-90.0,30.0,0.07,0.07,0.07
409,2008-10-28 09:00:00,60.0,-90.0,2030.0,0.04,0.04,0.04
410,2008-10-28 09:00:00,60.0,-90.0,4030.0,0.03,0.03,0.03
411,2008-10-28 09:00:00,60.0,-90.0,6030.0,0.03,0.03,0.03
412,2008-10-28 09:00:00,60.0,-90.0,8030.0,0.02,0.02,0.02
413,2008-10-28 09:00:00,60.0,-90.0,10030.0,0.02,0.02,0.02
414,2008-10-28 09:00:00,60.0,-60.0,30.0,0.3599999999999999,0.3599999999999999,0.3599999999999999
415,2008-10-28 09:00:00,60.0,-60.0,2030.0,0.1599999999999999,0.1599999999999999,0.1599999999999999
416,2008-10-28 09:00:00,60.0,-60.0,4030.0,0.06,0.06,0.06
417,2008-10-28 09:00:00,60.0,-60.0,6030.0,0.02,0.02,0.02
418,2008-10-28 09:00:00,60.0,-60.0,8030.0,0.0,0.0,0.0
419,2008-10-28 09:00:00,60.0,-60.0,10030.0,0.0,0.0,0.0
420,2008-10-28 09:00:00,60.0,-30.0,30.0,0.8599999999999999,0.6899999999999998,0.6199999999999999
421,2008-10-28 09:00:00,60.0,-30.0,2030.0,0.54,0.48,0.3499999999999998
422,2008-10-28 09:00:00,60.0,-30.0,4030.0,0.33,0.33,0.33
423,2008-10-28 09:00:00,60.0,-30.0,6030.0,0.1999999999999999,0.1899999999999999,0.1699999999999999
424,2008-10-28 09:00:00,60.0,-30.0,8030.0,0.1099999999999998,0.1099999999999998,0.1099999999999998
425,2008-10-28 09:00:00,60.0,-30.0,10030.0,0.04,0.04,0.04
426,2008-10-28 09:00:00,60.0,0.0,30.0,1.21,1.1,1.08
427,2008-10-28 09:00:00,60.0,0.0,2030.0,0.66,0.5700000000000001,0.5
428,2008-10-28 09:00:00,60.0,0.0,4030.0,0.5599999999999999,0.4599999999999999,0.32
429,2008-10-28 09:00:00,60.0,0.0,6030.0,0.4199999999999999,0.3599999999999999,0.27
430,2008-10-28 09:00:00,60.0,0.0,8030.0,0.3,0.3,0.3
431,2008-10-28 09:00:00,60.0,0.0,10030.0,0.2299999999999999,0.21,0.1999999999999999
432,2008-10-28 09:00:00,60.0,30.0,30.0,1.42,1.3099999999999998,1.26
433,2008-10-28 09:00:00,60.0,30.0,2030.0,0.8899999999999999,0.7299999999999999,0.6799999999999999
434,2008-10-28 09:00:00,60.0,30.0,4030.0,0.6299999999999999,0.5099999999999999,0.4599999999999999
435,2008-10-28 09:00:00,60.0,30.0,6030.0,0.48,0.36,0.28
436,2008-10-28 09:00:00,60.0,30.0,8030.0,0.4399999999999999,0.35,0.27
437,2008-10-28 09:00:00,60.0,30.0,10030.0,0.33,0.2900000000000001,0.25
438,2008-10-28 09:00:00,60.0,60.0,30.0,1.48,1.44,1.36
439,2008-10-28 09:00:00,60.0,60.0,2030.0,0.94,0.8799999999999999,0.8599999999999999
440,2008-10-28 09:00:00,60.0,60.0,4030.0,0.7,0.59,0.52
441,2008-10-28 09:00:00,60.0,60.0,6030.0,0.52,0.45,0.3799999999999999
442,2008-10-28 09:00:00,60.0,60.0,8030.0,0.4599999999999999,0.3199999999999999,0.25
443,2008-10-28 09:00:00,60.0,60.0,10030.0,0.3699999999999999,0.2499999999999999,0.1899999999999999
444,2008-10-28 09:00:00,60.0,90.0,30.0,1.56,1.46,1.42
445,2008-10-28 09:00:00,60.0,90.0,2030.0,1.08,0.99,0.93
446,2008-10-28 09:00:00,60.0,90.0,4030.0,0.75,0.72,0.6399999999999999
447,2008-10-28 09:00:00,60.0,90.0,6030.0,0.5599999999999999,0.4499999999999999,0.3999999999999999
448,2008-10-28 09:00:00,60.0,90.0,8030.0,0.4499999999999999,0.36,0.3
449,2008-10-28 09:00:00,60.0,90.0,10030.0,0.3699999999999999,0.2399999999999998,0.2099999999999999
450,2008-10-28 09:00:00,60.0,120.0,30.0,1.75,1.64,1.57
451,2008-10-28 09:00:00,60.0,120.0,2030.0,1.12,1.04,0.97
452,2008-10-28 09:00:00,60.0,120.0,4030.0,0.76,0.73,0.6699999999999999
453,2008-10-28 09:00:00,60.0,120.0,6030.0,0.54,0.51,0.47
454,2008-10-28 09:00:00,60.0,120.0,8030.0,0.33,0.31,0.28
455,2008-10-28 09:00:00,60.0,120.0,10030.0,0.24,0.21,0.1799999999999999
456,2008-10-28 09:00:00,60.0,150.0,30.0,1.96,1.85,1.75
457,2008-10-28 09:00:00,60.0,150.0,2030.0,1.1,1.02,0.95
458,2008-10-28 09:00:00,60.0,150.0,4030.0,0.6699999999999999,0.6599999999999999,0.6499999999999999
459,2008-10-28 09:00:00,60.0,150.0,6030.0,0.4499999999999999,0.4299999999999999,0.3799999999999999
460,2008-10-28 09:00:00,60.0,150.0,8030.0,0.3,0.27,0.24
461,2008-10-28 09:00:00,60.0,150.0,10030.0,0.2099999999999999,0.1899999999999999,0.1799999999999999
462,2008-10-28 09:00:00,60.0,180.0,30.0,1.67,1.5799999999999998,1.46
463,2008-10-28 09:00:00,60.0,180.0,2030.0,0.8499999999999999,0.8199999999999998,0.81
464,2008-10-28 09:00:00,60.0,180.0,4030.0,0.47,0.47,0.47
465,2008-10-28 09:00:00,60.0,180.0,6030.0,0.26,0.26,0.26
466,2008-10-28 09:00:00,60.0,180.0,8030.0,0.1499999999999999,0.1399999999999999,0.1199999999999998
467,2008-10-28 09:00:00,60.0,180.0,10030.0,0.09,0.09,0.09
468,2008-10-28 09:00:00,90.0,-180.0,30.0,0.0,0.0,0.0
469,2008-10-28 09:00:00,90.0,-180.0,2030.0,0.0,0.0,0.0
470,2008-10-28 09:00:00,90.0,-180.0,4030.0,0.0,0.0,0.0
471,2008-10-28 09:00:00,90.0,-180.0,6030.0,0.0,0.0,0.0
472,2008-10-28 09:00:00,90.0,-180.0,8030.0,0.0,0.0,0.0
473,2008-10-28 09:00:00,90.0,-180.0,10030.0,0.0,0.0,0.0
474,2008-10-28 09:00:00,90.0,-150.0,30.0,0.0,0.0,0.0
475,2008-10-28 09:00:00,90.0,-150.0,2030.0,0.0,0.0,0.0
476,2008-10-28 09:00:00,90.0,-150.0,4030.0,0.0,0.0,0.0
477,2008-10-28 09:00:00,90.0,-150.0,6030.0,0.0,0.0,0.0
478,2008-10-28 09:00:00,90.0,-150.0,8030.0,0.0,0.0,0.0
479,2008-10-28 09:00:00,90.0,-150.0,10030.0,0.0,0.0,0.0
480,2008-10-28 09:00:00,90.0,-120.0,30.0,0.0,0.0,0.0
481,2008-10-28 09:00:00,90.0,-120.0,2030.0,0.0,0.0,0.0
482,2008-10-28 09:00:00,90.0,-120.0,4030.0,0.0,0.0,0.0
483,2008-10-28 09:00:00,90.0,-120.0,6030.0,0.0,0.0,0.0
484,2008-10-28 09:00:00,90.0,-120.0,8030.0,0.0,0.0,0.0
485,2008-10-28 09:00:00,90.0,-120.0,10030.0,0.0,0.0,0.0
486,2008-10-28 09:00:00,90.0,-90.0,30.0,0.0,0.0,0.0
487,2008-10-28 09:00:00,90.0,-90.0,2030.0,0.0,0.0,0.0
488,2008-10-28 09:00:00,90.0,-90.0,4030.0,0.0,0.0,0.0
489,2008-10-28 09:00:00,90.0,-90.0,6030.0,0.0,0.0,0.0
490,2008-10-28 09:00:00,90.0,-90.0,8030.0,0.0,0.0,0.0
491,2008-10-28 09:00:00,90.0,-90.0,10030.0,0.0,0.0,0.0
492,2008-10-28 09:00:00,90.0,-60.0,30.0,0.0,0.0,0.0
493,2008-10-28 09:00:00,90.0,-60.0,2030.0,0.0,0.0,0.0
494,2008-10-28 09:00:00,90.0,-60.0,4030.0,0.0,0.0,0.0
495,2008-10-28 09:00:00,90.0,-60.0,6030.0,0.0,0.0,0.0
496,2008-10-28 09:00:00,90.0,-60.0,8030.0,0.0,0.0,0.0
497,2008-10-28 09:00:00,90.0,-60.0,10030.0,0.0,0.0,0.0
498,2008-10-28 09:00:00,90.0,-30.0,30.0,0.0,0.0,0.0
499,2008-10-28 09:00:00,90.0,-30.0,2030.0,0.0,0.0,0.0
500,2008-10-28 09:00:00,90.0,-30.0,4030.0,0.0,0.0,0.0
501,2008-10-28 09:00:00,90.0,-30.0,6030.0,0.0,0.0,0.0
502,2008-10-28 09:00:00,90.0,-30.0,8030.0,0.0,0.0,0.0
503,2008-10-28 09:00:00,90.0,-30.0,10030.0,0.0,0.0,0.0
504,2008-10-28 09:00:00,90.0,0.0,30.0,0.0,0.0,0.0
505,2008-10-28 09:00:00,90.0,0.0,2030.0,0.0,0.0,0.0
506,2008-10-28 09:00:00,90.0,0.0,4030.0,0.0,0.0,0.0
507,2008-10-28 09:00:00,90.0,0.0,6030.0,0.0,0.0,0.0
508,2008-10-28 09:00:00,90.0,0.0,8030.0,0.0,0.0,0.0
509,2008-10-28 09:00:00,90.0,0.0,10030.0,0.0,0.0,0.0
510,2008-10-28 09:00:00,90.0,30.0,30.0,0.0,0.0,0.0
511,2008-10-28 09:00:00,90.0,30.0,2030.0,0.0,0.0,0.0
512,2008-10-28 09:00:00,90.0,30.0,4030.0,0.0,0.0,0.0
513,2008-10-28 09:00:00,90.0,30.0,6030.0,0.0,0.0,0.0
514,2008-10-28 09:00:00,90.0,30.0,8030.0,0.0,0.0,0.0
515,2008-10-28 09:00:00,90.0,30.0,10030.0,0.0,0.0,0.0
516,2008-10-28 09:00:00,90.0,60.0,30.0,0.0,0.0,0.0
517,2008-10-28 09:00:00,90.0,60.0,2030.0,0.0,0.0,0.0
518,2008-10-28 09:00:00,90.0,60.0,4030.0,0.0,0.0,0.0
519,2008-10-28 09:00:00,90.0,60.0,6030.0,0.0,0.0,0.0
520,2008-10-28 09:00:00,90.0,60.0,8030.0,0.0,0.0,0.0
521,2008-10-28 09:00:00,90.0,60.0,10030.0,0.0,0.0,0.0
522,2008-10-28 09:00:00,90.0,90.0,30.0,0.0,0.0,0.0
523,2008-10-28 09:00:00,90.0,90.0,2030.0,0.0,0.0,0.0
524,2008-10-28 09:00:00,90.0,90.0,4030.0,0.0,0.0,0.0
525,2008-10-28 09:00:00,90.0,90.0,6030.0,0.0,0.0,0.0
526,2008-10-28 09:00:00,90.0,90.0,8030.0,0.0,0.0,0.0
527,2008-10-28 09:00:00,90.0,90.0,10030.0,0.0,0.0,0.0
528,2008-10-28 09:00:00,90.0,120.0,30.0,0.0,0.0,0.0
529,2008-10-28 09:00:00,90.0,120.0,2030.0,0.0,0.0,0.0
530,2008-10-28 09:00:00,90.0,120.0,4030.0,0.0,0.0,0.0
531,2008-10-28 09:00:00,90.0,120.0,6030.0,0.0,0.0,0.0
532,2008-10-28 09:00:00,90.0,120.0,8030.0,0.0,0.0,0.0
533,2008-10-28 09:00:00,90.0,120.0,10030.0,0.0,0.0,0.0
534,2008-10-28 09:00:00,90.0,150.0,30.0,0.0,0.0,0.0
535,2008-10-28 09:00:00,90.0,150.0,2030.0,0.0,0.0,0.0
536,2008-10-28 09:00:00,90.0,150.0,4030.0,0.0,0.0,0.0
537,2008-10-28 09:00:00,90.0,150.0,6030.0,0.0,0.0,0.0
538,2008-10-28 09:00:00,90.0,150.0,8030.0,0.0,0.0,0.0
539,2008-10-28 09:00:00,90.0,150.0,10030.0,0.0,0.0,0.0
540,2008-10-28 09:00:00,90.0,180.0,30.0,0.0,0.0,0.0
541,2008-10-28 09:00:00,90.0,180.0,2030.0,0.0,0.0,0.0
542,2008-10-28 09:00:00,90.0,180.0,4030.0,0.0,0.0,0.0
543,2008-10-28 09:00:00,90.0,180.0,6030.0,0.0,0.0,0.0
544,2008-10-28 09:00:00,90.0,180.0,8030.0,0.0,0.0,0.0
545,2008-10-28 09:00:00,90.0,180.0,10030.0,0.0,0.0,0.0
